pair;timeframe;strategy;thresholdOpen;thresholdClose;followTrend;name;positions;profit;drawdown;long;winratio;positivedaysratio;meanloss;meanwin;meantrade;stddeviationwin;stddeviationloss;stddeviation;meanholdtime;stringCodedParams;stringCodedPositions;stringCodedResult;
USDCHF;168;SSIStrategy_V0;0,26;0,19;True;SSIStrategy_V0;3;0,00659999999999994;0;0,333333333333333;1;1;NaN;0,00219999999999998;0,00219999999999998;0,0011775681155104;NaN;0,0011775681155104;2823;pair:USDCHF|timeframe:168|strategy:SSIStrategy_V0|thresholdOpen:0,26|thresholdClose:0,19|followTrend:True|name:SSIStrategy_V0;S:1450658802435:0,9919:1450799002435:0,9881|L:1450856534435:0,9895:1450897806435:0,9913|S:1450934004435:0,9882:1451260804435:0,9872|;positions:3|profit:0,00659999999999994|drawdown:0|long:0,333333333333333|winratio:1|positivedaysratio:1|meanloss:NaN|meanwin:0,00219999999999998|meantrade:0,00219999999999998|stddeviationwin:0,0011775681155104|stddeviationloss:NaN|stddeviation:0,0011775681155104|meanholdtime:2823;
GBPUSD;168;SSIStrategy_V0;0,23;0,06;False;SSIStrategy_V0;3;-0,0114999999999998;-0,0114999999999998;0,666666666666667;0,333333333333333;0;-0,00639999999999996;0,00130000000000008;-0,00383333333333328;0;0;0,00362981481009096;1221;pair:GBPUSD|timeframe:168|strategy:SSIStrategy_V0|thresholdOpen:0,23|thresholdClose:0,06|followTrend:False|name:SSIStrategy_V0;L:1450690588435:1,4905:1450706093435:1,4918|L:1450728259435:1,4883:1450820211435:1,4819|S:1450850022435:1,4844:1450962388435:1,4908|;positions:3|profit:-0,0114999999999998|drawdown:-0,0114999999999998|long:0,666666666666667|winratio:0,333333333333333|positivedaysratio:0|meanloss:-0,00639999999999996|meanwin:0,00130000000000008|meantrade:-0,00383333333333328|stddeviationwin:0|stddeviationloss:0|stddeviation:0,00362981481009096|meanholdtime:1221;
GBPUSD;168;SSIStrategy_V0;0,14;0,05;True;SSIStrategy_V0;4;0,0103999999999997;-0,00320000000000009;0,25;0,5;1;-0,00160000000000005;0,00679999999999992;0,00259999999999994;0,000399999999999956;0,000199999999999978;0,00421188793773052;1021;pair:GBPUSD|timeframe:168|strategy:SSIStrategy_V0|thresholdOpen:0,14|thresholdClose:0,05|followTrend:True|name:SSIStrategy_V0;S:1450658802435:1,4905:1450661250435:1,4919|S:1450687857435:1,49:1450706093435:1,4918|S:1450713775435:1,4884:1450820211435:1,482|L:1450844382435:1,4835:1450962388435:1,4907|;positions:4|profit:0,0103999999999997|drawdown:-0,00320000000000009|long:0,25|winratio:0,5|positivedaysratio:1|meanloss:-0,00160000000000005|meanwin:0,00679999999999992|meantrade:0,00259999999999994|stddeviationwin:0,000399999999999956|stddeviationloss:0,000199999999999978|stddeviation:0,00421188793773052|meanholdtime:1021;
USDCHF;168;SSIStrategy_V0;0,4;0,43;True;SSIStrategy_V0;1;0,00470000000000004;0;0;1;1;NaN;0,00470000000000004;0,00470000000000004;0;NaN;0;10031;pair:USDCHF|timeframe:168|strategy:SSIStrategy_V0|thresholdOpen:0,4|thresholdClose:0,43|followTrend:True|name:SSIStrategy_V0;S:1450658894435:0,9919:1451260804435:0,9872|;positions:1|profit:0,00470000000000004|drawdown:0|long:0|winratio:1|positivedaysratio:1|meanloss:NaN|meanwin:0,00470000000000004|meantrade:0,00470000000000004|stddeviationwin:0|stddeviationloss:NaN|stddeviation:0|meanholdtime:10031;
USDCHF;168;SSIStrategy_V0;0,47;0,18;True;SSIStrategy_V0;1;0,003;0;0;1;1;NaN;0,003;0,003;0;NaN;0;2285;pair:USDCHF|timeframe:168|strategy:SSIStrategy_V0|thresholdOpen:0,47|thresholdClose:0,18|followTrend:True|name:SSIStrategy_V0;S:1450661860435:0,9911:1450799002435:0,9881|;positions:1|profit:0,003|drawdown:0|long:0|winratio:1|positivedaysratio:1|meanloss:NaN|meanwin:0,003|meantrade:0,003|stddeviationwin:0|stddeviationloss:NaN|stddeviation:0|meanholdtime:2285;
USDJPY;168;SSIStrategy_V0;0,03;0,48;False;SSIStrategy_V0;1;-1,00999999999999;-1,00999999999999;1;0;0;-1,00999999999999;NaN;-1,00999999999999;NaN;0;0;10033;pair:USDJPY|timeframe:168|strategy:SSIStrategy_V0|thresholdOpen:0,03|thresholdClose:0,48|followTrend:False|name:SSIStrategy_V0;L:1450658802435:121,24:1451260804435:120,23|;positions:1|profit:-1,00999999999999|drawdown:-1,00999999999999|long:1|winratio:0|positivedaysratio:0|meanloss:-1,00999999999999|meanwin:NaN|meantrade:-1,00999999999999|stddeviationwin:NaN|stddeviationloss:0|stddeviation:0|meanholdtime:10033;
USDCHF;168;SSIStrategy_V0;0,18;0,09;True;SSIStrategy_V0;5;0,00379999999999991;-0,00339999999999996;0,4;0,6;0,5;-0,00259999999999999;0,00299999999999997;0,000759999999999983;0,000778888096369823;0,000799999999999967;0,00285418990258179;784;pair:USDCHF|timeframe:168|strategy:SSIStrategy_V0|thresholdOpen:0,18|thresholdClose:0,09|followTrend:True|name:SSIStrategy_V0;S:1450658802435:0,9919:1450687612435:0,9953|S:1450716424435:0,9903:1450797153435:0,9872|L:1450799002435:0,9881:1450821612435:0,9863|L:1450856225435:0,9893:1450897497435:0,9913|S:1450897806435:0,9913:1450959805435:0,9874|;positions:5|profit:0,00379999999999991|drawdown:-0,00339999999999996|long:0,4|winratio:0,6|positivedaysratio:0,5|meanloss:-0,00259999999999999|meanwin:0,00299999999999997|meantrade:0,000759999999999983|stddeviationwin:0,000778888096369823|stddeviationloss:0,000799999999999967|stddeviation:0,00285418990258179|meanholdtime:784;
USDCHF;168;SSIStrategy_V0;0,33;0,03;False;SSIStrategy_V0;1;0,000399999999999956;0;1;1;NaN;NaN;0,000399999999999956;0,000399999999999956;0;NaN;0;464;pair:USDCHF|timeframe:168|strategy:SSIStrategy_V0|thresholdOpen:0,33|thresholdClose:0,03|followTrend:False|name:SSIStrategy_V0;L:1450658802435:0,9937:1450686696435:0,9941|;positions:1|profit:0,000399999999999956|drawdown:0|long:1|winratio:1|positivedaysratio:NaN|meanloss:NaN|meanwin:0,000399999999999956|meantrade:0,000399999999999956|stddeviationwin:0|stddeviationloss:NaN|stddeviation:0|meanholdtime:464;
GBPUSD;168;SSIStrategy_V0;0,35;0,39;False;SSIStrategy_V0;1;0,00419999999999998;0;1;1;1;NaN;0,00419999999999998;0,00419999999999998;0;NaN;0;8827;pair:GBPUSD|timeframe:168|strategy:SSIStrategy_V0|thresholdOpen:0,35|thresholdClose:0,39|followTrend:False|name:SSIStrategy_V0;L:1450731140435:1,4882:1451260804435:1,4924|;positions:1|profit:0,00419999999999998|drawdown:0|long:1|winratio:1|positivedaysratio:1|meanloss:NaN|meanwin:0,00419999999999998|meantrade:0,00419999999999998|stddeviationwin:0|stddeviationloss:NaN|stddeviation:0|meanholdtime:8827;
EURUSD;168;SSIStrategy_V0;0,28;0,16;True;SSIStrategy_V0;1;0,00929999999999986;0;1;1;1;NaN;0,00929999999999986;0,00929999999999986;0;NaN;0;10033;pair:EURUSD|timeframe:168|strategy:SSIStrategy_V0|thresholdOpen:0,28|thresholdClose:0,16|followTrend:True|name:SSIStrategy_V0;L:1450658802435:1,0859:1451260804435:1,0952|;positions:1|profit:0,00929999999999986|drawdown:0|long:1|winratio:1|positivedaysratio:1|meanloss:NaN|meanwin:0,00929999999999986|meantrade:0,00929999999999986|stddeviationwin:0|stddeviationloss:NaN|stddeviation:0|meanholdtime:10033;
USDCHF;168;SSIStrategy_V0;0;0,49;True;SSIStrategy_V0;1;-0,00719999999999998;-0,00719999999999998;1;0;0;-0,00719999999999998;NaN;-0,00719999999999998;NaN;0;0;9568;pair:USDCHF|timeframe:168|strategy:SSIStrategy_V0|thresholdOpen:0|thresholdClose:0,49|followTrend:True|name:SSIStrategy_V0;L:1450686696435:0,9942:1451260804435:0,987|;positions:1|profit:-0,00719999999999998|drawdown:-0,00719999999999998|long:1|winratio:0|positivedaysratio:0|meanloss:-0,00719999999999998|meanwin:NaN|meantrade:-0,00719999999999998|stddeviationwin:NaN|stddeviationloss:0|stddeviation:0|meanholdtime:9568;
EURUSD;168;SSIStrategy_V0;0,49;0,42;True;SSIStrategy_V0;1;0,00800000000000001;0;1;1;1;NaN;0,00800000000000001;0,00800000000000001;0;NaN;0;9635;pair:EURUSD|timeframe:168|strategy:SSIStrategy_V0|thresholdOpen:0,49|thresholdClose:0,42|followTrend:True|name:SSIStrategy_V0;L:1450682697435:1,0872:1451260804435:1,0952|;positions:1|profit:0,00800000000000001|drawdown:0|long:1|winratio:1|positivedaysratio:1|meanloss:NaN|meanwin:0,00800000000000001|meantrade:0,00800000000000001|stddeviationwin:0|stddeviationloss:NaN|stddeviation:0|meanholdtime:9635;
USDJPY;168;SSIStrategy_V0;0,17;0,26;False;SSIStrategy_V0;1;-0,909999999999997;-0,909999999999997;1;0;0;-0,909999999999997;NaN;-0,909999999999997;NaN;0;0;9979;pair:USDJPY|timeframe:168|strategy:SSIStrategy_V0|thresholdOpen:0,17|thresholdClose:0,26|followTrend:False|name:SSIStrategy_V0;L:1450662045435:121,14:1451260804435:120,23|;positions:1|profit:-0,909999999999997|drawdown:-0,909999999999997|long:1|winratio:0|positivedaysratio:0|meanloss:-0,909999999999997|meanwin:NaN|meantrade:-0,909999999999997|stddeviationwin:NaN|stddeviationloss:0|stddeviation:0|meanholdtime:9979;
GBPUSD;168;SSIStrategy_V0;0,4;0,2;True;SSIStrategy_V0;1;-0,00239999999999996;-0,00239999999999996;0;0;NaN;-0,00239999999999996;NaN;-0,00239999999999996;NaN;0;0;710;pair:GBPUSD|timeframe:168|strategy:SSIStrategy_V0|thresholdOpen:0,4|thresholdClose:0,2|followTrend:True|name:SSIStrategy_V0;S:1450807128435:1,4819:1450849778435:1,4843|;positions:1|profit:-0,00239999999999996|drawdown:-0,00239999999999996|long:0|winratio:0|positivedaysratio:NaN|meanloss:-0,00239999999999996|meanwin:NaN|meantrade:-0,00239999999999996|stddeviationwin:NaN|stddeviationloss:0|stddeviation:0|meanholdtime:710;
USDCHF;168;SSIStrategy_V0;0,07;0,29;False;SSIStrategy_V0;2;-0,00890000000000013;-0,00890000000000013;1;0;0;-0,00445000000000007;NaN;-0,00445000000000007;NaN;0,000149999999999983;0,000149999999999983;4675;pair:USDCHF|timeframe:168|strategy:SSIStrategy_V0|thresholdOpen:0,07|thresholdClose:0,29|followTrend:False|name:SSIStrategy_V0;L:1450658802435:0,9937:1450856534435:0,9894|L:1450897436435:0,9916:1451260804435:0,987|;positions:2|profit:-0,00890000000000013|drawdown:-0,00890000000000013|long:1|winratio:0|positivedaysratio:0|meanloss:-0,00445000000000007|meanwin:NaN|meantrade:-0,00445000000000007|stddeviationwin:NaN|stddeviationloss:0,000149999999999983|stddeviation:0,000149999999999983|meanholdtime:4675;
EURUSD;168;SSIStrategy_V0;0,11;0,09;False;SSIStrategy_V0;1;-0,0098999999999998;-0,0098999999999998;0;0;0;-0,0098999999999998;NaN;-0,0098999999999998;NaN;0;0;10033;pair:EURUSD|timeframe:168|strategy:SSIStrategy_V0|thresholdOpen:0,11|thresholdClose:0,09|followTrend:False|name:SSIStrategy_V0;S:1450658802435:1,0857:1451260804435:1,0956|;positions:1|profit:-0,0098999999999998|drawdown:-0,0098999999999998|long:0|winratio:0|positivedaysratio:0|meanloss:-0,0098999999999998|meanwin:NaN|meantrade:-0,0098999999999998|stddeviationwin:NaN|stddeviationloss:0|stddeviation:0|meanholdtime:10033;
EURUSD;168;SSIStrategy_V0;0,23;0,22;False;SSIStrategy_V0;1;-0,0098999999999998;-0,0098999999999998;0;0;0;-0,0098999999999998;NaN;-0,0098999999999998;NaN;0;0;10033;pair:EURUSD|timeframe:168|strategy:SSIStrategy_V0|thresholdOpen:0,23|thresholdClose:0,22|followTrend:False|name:SSIStrategy_V0;S:1450658802435:1,0857:1451260804435:1,0956|;positions:1|profit:-0,0098999999999998|drawdown:-0,0098999999999998|long:0|winratio:0|positivedaysratio:0|meanloss:-0,0098999999999998|meanwin:NaN|meantrade:-0,0098999999999998|stddeviationwin:NaN|stddeviationloss:0|stddeviation:0|meanholdtime:10033;
EURUSD;168;SSIStrategy_V0;0,48;0,47;True;SSIStrategy_V0;1;0,00800000000000001;0;1;1;1;NaN;0,00800000000000001;0,00800000000000001;0;NaN;0;9635;pair:EURUSD|timeframe:168|strategy:SSIStrategy_V0|thresholdOpen:0,48|thresholdClose:0,47|followTrend:True|name:SSIStrategy_V0;L:1450682697435:1,0872:1451260804435:1,0952|;positions:1|profit:0,00800000000000001|drawdown:0|long:1|winratio:1|positivedaysratio:1|meanloss:NaN|meanwin:0,00800000000000001|meantrade:0,00800000000000001|stddeviationwin:0|stddeviationloss:NaN|stddeviation:0|meanholdtime:9635;
USDCHF;168;SSIStrategy_V0;0,03;0,38;False;SSIStrategy_V0;1;-0,00670000000000004;-0,00670000000000004;1;0;0;-0,00670000000000004;NaN;-0,00670000000000004;NaN;0;0;10033;pair:USDCHF|timeframe:168|strategy:SSIStrategy_V0|thresholdOpen:0,03|thresholdClose:0,38|followTrend:False|name:SSIStrategy_V0;L:1450658802435:0,9937:1451260804435:0,987|;positions:1|profit:-0,00670000000000004|drawdown:-0,00670000000000004|long:1|winratio:0|positivedaysratio:0|meanloss:-0,00670000000000004|meanwin:NaN|meantrade:-0,00670000000000004|stddeviationwin:NaN|stddeviationloss:0|stddeviation:0|meanholdtime:10033;
GBPUSD;168;SSIStrategy_V0;0,48;0,29;True;SSIStrategy_V0;0;0;0;NaN;NaN;NaN;NaN;NaN;NaN;NaN;NaN;NaN;pair:GBPUSD|timeframe:168|strategy:SSIStrategy_V0|thresholdOpen:0,48|thresholdClose:0,29|followTrend:True|name:SSIStrategy_V0;;positions:0|profit:0|drawdown:0|long:NaN|winratio:NaN|positivedaysratio:NaN|meanloss:NaN|meanwin:NaN|meantrade:NaN|stddeviationwin:NaN|stddeviationloss:NaN|stddeviation:NaN;
USDJPY;168;SSIStrategy_V0;0,33;0,35;False;SSIStrategy_V0;1;-0,679999999999993;-0,679999999999993;1;0;0;-0,679999999999993;NaN;-0,679999999999993;NaN;0;0;5748;pair:USDJPY|timeframe:168|strategy:SSIStrategy_V0|thresholdOpen:0,33|thresholdClose:0,35|followTrend:False|name:SSIStrategy_V0;L:1450915903435:120,91:1451260804435:120,23|;positions:1|profit:-0,679999999999993|drawdown:-0,679999999999993|long:1|winratio:0|positivedaysratio:0|meanloss:-0,679999999999993|meanwin:NaN|meantrade:-0,679999999999993|stddeviationwin:NaN|stddeviationloss:0|stddeviation:0|meanholdtime:5748;
EURUSD;168;SSIStrategy_V0;0,17;0,41;False;SSIStrategy_V0;1;-0,0098999999999998;-0,0098999999999998;0;0;0;-0,0098999999999998;NaN;-0,0098999999999998;NaN;0;0;10033;pair:EURUSD|timeframe:168|strategy:SSIStrategy_V0|thresholdOpen:0,17|thresholdClose:0,41|followTrend:False|name:SSIStrategy_V0;S:1450658802435:1,0857:1451260804435:1,0956|;positions:1|profit:-0,0098999999999998|drawdown:-0,0098999999999998|long:0|winratio:0|positivedaysratio:0|meanloss:-0,0098999999999998|meanwin:NaN|meantrade:-0,0098999999999998|stddeviationwin:NaN|stddeviationloss:0|stddeviation:0|meanholdtime:10033;
EURUSD;168;SSIStrategy_V0;0,03;0,13;False;SSIStrategy_V0;1;-0,0098999999999998;-0,0098999999999998;0;0;0;-0,0098999999999998;NaN;-0,0098999999999998;NaN;0;0;10033;pair:EURUSD|timeframe:168|strategy:SSIStrategy_V0|thresholdOpen:0,03|thresholdClose:0,13|followTrend:False|name:SSIStrategy_V0;S:1450658802435:1,0857:1451260804435:1,0956|;positions:1|profit:-0,0098999999999998|drawdown:-0,0098999999999998|long:0|winratio:0|positivedaysratio:0|meanloss:-0,0098999999999998|meanwin:NaN|meantrade:-0,0098999999999998|stddeviationwin:NaN|stddeviationloss:0|stddeviation:0|meanholdtime:10033;
EURUSD;168;SSIStrategy_V0;0,02;0,3;False;SSIStrategy_V0;1;-0,0098999999999998;-0,0098999999999998;0;0;0;-0,0098999999999998;NaN;-0,0098999999999998;NaN;0;0;10033;pair:EURUSD|timeframe:168|strategy:SSIStrategy_V0|thresholdOpen:0,02|thresholdClose:0,3|followTrend:False|name:SSIStrategy_V0;S:1450658802435:1,0857:1451260804435:1,0956|;positions:1|profit:-0,0098999999999998|drawdown:-0,0098999999999998|long:0|winratio:0|positivedaysratio:0|meanloss:-0,0098999999999998|meanwin:NaN|meantrade:-0,0098999999999998|stddeviationwin:NaN|stddeviationloss:0|stddeviation:0|meanholdtime:10033;
GBPUSD;168;SSIStrategy_V0;0,03;0,46;True;SSIStrategy_V0;1;0,00099999999999989;0;1;1;1;NaN;0,00099999999999989;0,00099999999999989;0;NaN;0;10003;pair:GBPUSD|timeframe:168|strategy:SSIStrategy_V0|thresholdOpen:0,03|thresholdClose:0,46|followTrend:True|name:SSIStrategy_V0;L:1450660568435:1,4914:1451260804435:1,4924|;positions:1|profit:0,00099999999999989|drawdown:0|long:1|winratio:1|positivedaysratio:1|meanloss:NaN|meanwin:0,00099999999999989|meantrade:0,00099999999999989|stddeviationwin:0|stddeviationloss:NaN|stddeviation:0|meanholdtime:10003;
USDCHF;168;SSIStrategy_V0;0,4;0,39;True;SSIStrategy_V0;1;0,00470000000000004;0;0;1;1;NaN;0,00470000000000004;0,00470000000000004;0;NaN;0;10031;pair:USDCHF|timeframe:168|strategy:SSIStrategy_V0|thresholdOpen:0,4|thresholdClose:0,39|followTrend:True|name:SSIStrategy_V0;S:1450658894435:0,9919:1451260804435:0,9872|;positions:1|profit:0,00470000000000004|drawdown:0|long:0|winratio:1|positivedaysratio:1|meanloss:NaN|meanwin:0,00470000000000004|meantrade:0,00470000000000004|stddeviationwin:0|stddeviationloss:NaN|stddeviation:0|meanholdtime:10031;
GBPUSD;168;SSIStrategy_V0;0,36;0,26;False;SSIStrategy_V0;2;-0,004;-0,004;0,5;0,5;0;-0,00780000000000003;0,00380000000000003;-0,002;0;0;0,00580000000000003;3783;pair:GBPUSD|timeframe:168|strategy:SSIStrategy_V0|thresholdOpen:0,36|thresholdClose:0,26|followTrend:False|name:SSIStrategy_V0;L:1450802543435:1,4813:1450850961435:1,4851|S:1450855245435:1,4855:1451260804435:1,4933|;positions:2|profit:-0,004|drawdown:-0,004|long:0,5|winratio:0,5|positivedaysratio:0|meanloss:-0,00780000000000003|meanwin:0,00380000000000003|meantrade:-0,002|stddeviationwin:0|stddeviationloss:0|stddeviation:0,00580000000000003|meanholdtime:3783;
USDCHF;168;SSIStrategy_V0;0,4;0,07;False;SSIStrategy_V0;1;0,00159999999999993;0;1;1;NaN;NaN;0,00159999999999993;0,00159999999999993;0;NaN;0;478;pair:USDCHF|timeframe:168|strategy:SSIStrategy_V0|thresholdOpen:0,4|thresholdClose:0,07|followTrend:False|name:SSIStrategy_V0;L:1450658894435:0,9936:1450687612435:0,9952|;positions:1|profit:0,00159999999999993|drawdown:0|long:1|winratio:1|positivedaysratio:NaN|meanloss:NaN|meanwin:0,00159999999999993|meantrade:0,00159999999999993|stddeviationwin:0|stddeviationloss:NaN|stddeviation:0|meanholdtime:478;
USDJPY;168;SSIStrategy_V0;0,23;0,34;True;SSIStrategy_V0;1;0,899999999999991;0;0;1;1;NaN;0,899999999999991;0,899999999999991;0;NaN;0;9974;pair:USDJPY|timeframe:168|strategy:SSIStrategy_V0|thresholdOpen:0,23|thresholdClose:0,34|followTrend:True|name:SSIStrategy_V0;S:1450662351435:121,13:1451260804435:120,23|;positions:1|profit:0,899999999999991|drawdown:0|long:0|winratio:1|positivedaysratio:1|meanloss:NaN|meanwin:0,899999999999991|meantrade:0,899999999999991|stddeviationwin:0|stddeviationloss:NaN|stddeviation:0|meanholdtime:9974;
USDJPY;168;SSIStrategy_V0;0,03;0,3;True;SSIStrategy_V0;2;0,540000000000006;-0,459999999999994;0,5;0,5;0,5;-0,459999999999994;1;0,270000000000003;0;0;0,729999999999997;6707;pair:USDJPY|timeframe:168|strategy:SSIStrategy_V0|thresholdOpen:0,03|thresholdClose:0,3|followTrend:True|name:SSIStrategy_V0;L:1450687184435:121,41:1450890086435:120,95|S:1450658802435:121,23:1451260804435:120,23|;positions:2|profit:0,540000000000006|drawdown:-0,459999999999994|long:0,5|winratio:0,5|positivedaysratio:0,5|meanloss:-0,459999999999994|meanwin:1|meantrade:0,270000000000003|stddeviationwin:0|stddeviationloss:0|stddeviation:0,729999999999997|meanholdtime:6707;
GBPUSD;168;SSIStrategy_V0;0,32;0,31;False;SSIStrategy_V0;2;-0,0121;-0,0121;0,5;0;0;-0,00605;NaN;-0,00605;NaN;0,00285000000000013;0,00285000000000013;4433;pair:GBPUSD|timeframe:168|strategy:SSIStrategy_V0|thresholdOpen:0,32|thresholdClose:0,31|followTrend:False|name:SSIStrategy_V0;L:1450728567435:1,4882:1450851145435:1,485|S:1450851388435:1,4844:1451260804435:1,4933|;positions:2|profit:-0,0121|drawdown:-0,0121|long:0,5|winratio:0|positivedaysratio:0|meanloss:-0,00605|meanwin:NaN|meantrade:-0,00605|stddeviationwin:NaN|stddeviationloss:0,00285000000000013|stddeviation:0,00285000000000013|meanholdtime:4433;
USDCHF;168;SSIStrategy_V0;0,16;0,06;True;SSIStrategy_V0;8;0,00479999999999992;-0,00579999999999992;0,5;0,375;0,333333333333333;-0,00144;0,00399999999999997;0,000599999999999989;0,00114309521329879;0,00122898331965895;0,00289309522829786;1127;pair:USDCHF|timeframe:168|strategy:SSIStrategy_V0|thresholdOpen:0,16|thresholdClose:0,06|followTrend:True|name:SSIStrategy_V0;S:1450658802435:0,9919:1450686879435:0,9944|L:1450688163435:0,9959:1450705604435:0,9926|S:1450716363435:0,9905:1450797026435:0,9875|L:1450797536435:0,9877:1450821490435:0,9872|S:1450826046435:0,9877:1450829046435:0,9879|L:1450847005435:0,9888:1450891009435:0,9944|S:1450897620435:0,9912:1450959620435:0,9878|L:1450978827435:0,9877:1451260804435:0,987|;positions:8|profit:0,00479999999999992|drawdown:-0,00579999999999992|long:0,5|winratio:0,375|positivedaysratio:0,333333333333333|meanloss:-0,00144|meanwin:0,00399999999999997|meantrade:0,000599999999999989|stddeviationwin:0,00114309521329879|stddeviationloss:0,00122898331965895|stddeviation:0,00289309522829786|meanholdtime:1127;
USDCHF;168;SSIStrategy_V0;0,18;0,12;True;SSIStrategy_V0;5;0,003;-0,00339999999999996;0,4;0,6;0,5;-0,00274999999999997;0,00283333333333332;0,0006;0,000703957069398067;0,000649999999999984;0,00281921975021456;807;pair:USDCHF|timeframe:168|strategy:SSIStrategy_V0|thresholdOpen:0,18|thresholdClose:0,12|followTrend:True|name:SSIStrategy_V0;S:1450658802435:0,9919:1450688040435:0,9953|S:1450716424435:0,9903:1450797474435:0,9873|L:1450799002435:0,9881:1450821795435:0,986|L:1450856225435:0,9893:1450897620435:0,9912|S:1450897806435:0,9913:1450965450435:0,9877|;positions:5|profit:0,003|drawdown:-0,00339999999999996|long:0,4|winratio:0,6|positivedaysratio:0,5|meanloss:-0,00274999999999997|meanwin:0,00283333333333332|meantrade:0,0006|stddeviationwin:0,000703957069398067|stddeviationloss:0,000649999999999984|stddeviation:0,00281921975021456|meanholdtime:807;
USDCHF;168;SSIStrategy_V0;0,18;0,3;False;SSIStrategy_V0;1;-0,00670000000000004;-0,00670000000000004;1;0;0;-0,00670000000000004;NaN;-0,00670000000000004;NaN;0;0;10033;pair:USDCHF|timeframe:168|strategy:SSIStrategy_V0|thresholdOpen:0,18|thresholdClose:0,3|followTrend:False|name:SSIStrategy_V0;L:1450658802435:0,9937:1451260804435:0,987|;positions:1|profit:-0,00670000000000004|drawdown:-0,00670000000000004|long:1|winratio:0|positivedaysratio:0|meanloss:-0,00670000000000004|meanwin:NaN|meantrade:-0,00670000000000004|stddeviationwin:NaN|stddeviationloss:0|stddeviation:0|meanholdtime:10033;
USDCHF;168;SSIStrategy_V0;0,37;0,26;True;SSIStrategy_V0;1;0,00239999999999996;0;0;1;1;NaN;0,00239999999999996;0,00239999999999996;0;NaN;0;3295;pair:USDCHF|timeframe:168|strategy:SSIStrategy_V0|thresholdOpen:0,37|thresholdClose:0,26|followTrend:True|name:SSIStrategy_V0;S:1450658802435:0,9919:1450856534435:0,9895|;positions:1|profit:0,00239999999999996|drawdown:0|long:0|winratio:1|positivedaysratio:1|meanloss:NaN|meanwin:0,00239999999999996|meantrade:0,00239999999999996|stddeviationwin:0|stddeviationloss:NaN|stddeviation:0|meanholdtime:3295;
USDCHF;168;SSIStrategy_V0;0,46;0,28;False;SSIStrategy_V0;1;-0,00180000000000002;-0,00180000000000002;1;0;0;-0,00180000000000002;NaN;-0,00180000000000002;NaN;0;0;3244;pair:USDCHF|timeframe:168|strategy:SSIStrategy_V0|thresholdOpen:0,46|thresholdClose:0,28|followTrend:False|name:SSIStrategy_V0;L:1450661860435:0,9912:1450856534435:0,9894|;positions:1|profit:-0,00180000000000002|drawdown:-0,00180000000000002|long:1|winratio:0|positivedaysratio:0|meanloss:-0,00180000000000002|meanwin:NaN|meantrade:-0,00180000000000002|stddeviationwin:NaN|stddeviationloss:0|stddeviation:0|meanholdtime:3244;
USDJPY;168;SSIStrategy_V0;0,14;0,39;False;SSIStrategy_V0;1;-0,909999999999997;-0,909999999999997;1;0;0;-0,909999999999997;NaN;-0,909999999999997;NaN;0;0;9979;pair:USDJPY|timeframe:168|strategy:SSIStrategy_V0|thresholdOpen:0,14|thresholdClose:0,39|followTrend:False|name:SSIStrategy_V0;L:1450662045435:121,14:1451260804435:120,23|;positions:1|profit:-0,909999999999997|drawdown:-0,909999999999997|long:1|winratio:0|positivedaysratio:0|meanloss:-0,909999999999997|meanwin:NaN|meantrade:-0,909999999999997|stddeviationwin:NaN|stddeviationloss:0|stddeviation:0|meanholdtime:9979;
GBPUSD;168;SSIStrategy_V0;0,04;0,48;False;SSIStrategy_V0;1;0,00150000000000006;0;1;1;1;NaN;0,00150000000000006;0,00150000000000006;0;NaN;0;10033;pair:GBPUSD|timeframe:168|strategy:SSIStrategy_V0|thresholdOpen:0,04|thresholdClose:0,48|followTrend:False|name:SSIStrategy_V0;L:1450658802435:1,4909:1451260804435:1,4924|;positions:1|profit:0,00150000000000006|drawdown:0|long:1|winratio:1|positivedaysratio:1|meanloss:NaN|meanwin:0,00150000000000006|meantrade:0,00150000000000006|stddeviationwin:0|stddeviationloss:NaN|stddeviation:0|meanholdtime:10033;
GBPUSD;168;SSIStrategy_V0;0,46;0,18;True;SSIStrategy_V0;0;0;0;NaN;NaN;NaN;NaN;NaN;NaN;NaN;NaN;NaN;pair:GBPUSD|timeframe:168|strategy:SSIStrategy_V0|thresholdOpen:0,46|thresholdClose:0,18|followTrend:True|name:SSIStrategy_V0;;positions:0|profit:0|drawdown:0|long:NaN|winratio:NaN|positivedaysratio:NaN|meanloss:NaN|meanwin:NaN|meantrade:NaN|stddeviationwin:NaN|stddeviationloss:NaN|stddeviation:NaN;
EURUSD;168;SSIStrategy_V0;0,14;0,37;False;SSIStrategy_V0;1;-0,0098999999999998;-0,0098999999999998;0;0;0;-0,0098999999999998;NaN;-0,0098999999999998;NaN;0;0;10033;pair:EURUSD|timeframe:168|strategy:SSIStrategy_V0|thresholdOpen:0,14|thresholdClose:0,37|followTrend:False|name:SSIStrategy_V0;S:1450658802435:1,0857:1451260804435:1,0956|;positions:1|profit:-0,0098999999999998|drawdown:-0,0098999999999998|long:0|winratio:0|positivedaysratio:0|meanloss:-0,0098999999999998|meanwin:NaN|meantrade:-0,0098999999999998|stddeviationwin:NaN|stddeviationloss:0|stddeviation:0|meanholdtime:10033;
EURUSD;168;SSIStrategy_V0;0,17;0,32;False;SSIStrategy_V0;1;-0,0098999999999998;-0,0098999999999998;0;0;0;-0,0098999999999998;NaN;-0,0098999999999998;NaN;0;0;10033;pair:EURUSD|timeframe:168|strategy:SSIStrategy_V0|thresholdOpen:0,17|thresholdClose:0,32|followTrend:False|name:SSIStrategy_V0;S:1450658802435:1,0857:1451260804435:1,0956|;positions:1|profit:-0,0098999999999998|drawdown:-0,0098999999999998|long:0|winratio:0|positivedaysratio:0|meanloss:-0,0098999999999998|meanwin:NaN|meantrade:-0,0098999999999998|stddeviationwin:NaN|stddeviationloss:0|stddeviation:0|meanholdtime:10033;
USDCHF;168;SSIStrategy_V0;0,38;0,36;True;SSIStrategy_V0;1;0,00470000000000004;0;0;1;1;NaN;0,00470000000000004;0,00470000000000004;0;NaN;0;10031;pair:USDCHF|timeframe:168|strategy:SSIStrategy_V0|thresholdOpen:0,38|thresholdClose:0,36|followTrend:True|name:SSIStrategy_V0;S:1450658894435:0,9919:1451260804435:0,9872|;positions:1|profit:0,00470000000000004|drawdown:0|long:0|winratio:1|positivedaysratio:1|meanloss:NaN|meanwin:0,00470000000000004|meantrade:0,00470000000000004|stddeviationwin:0|stddeviationloss:NaN|stddeviation:0|meanholdtime:10031;
USDJPY;168;SSIStrategy_V0;0,24;0,22;True;SSIStrategy_V0;1;0,959999999999994;0;0;1;1;NaN;0,959999999999994;0,959999999999994;0;NaN;0;9922;pair:USDJPY|timeframe:168|strategy:SSIStrategy_V0|thresholdOpen:0,24|thresholdClose:0,22|followTrend:True|name:SSIStrategy_V0;S:1450665481435:121,19:1451260804435:120,23|;positions:1|profit:0,959999999999994|drawdown:0|long:0|winratio:1|positivedaysratio:1|meanloss:NaN|meanwin:0,959999999999994|meantrade:0,959999999999994|stddeviationwin:0|stddeviationloss:NaN|stddeviation:0|meanholdtime:9922;
EURUSD;168;SSIStrategy_V0;0,44;0,28;True;SSIStrategy_V0;1;0,00780000000000003;0;1;1;1;NaN;0,00780000000000003;0,00780000000000003;0;NaN;0;9728;pair:EURUSD|timeframe:168|strategy:SSIStrategy_V0|thresholdOpen:0,44|thresholdClose:0,28|followTrend:True|name:SSIStrategy_V0;L:1450677107435:1,0874:1451260804435:1,0952|;positions:1|profit:0,00780000000000003|drawdown:0|long:1|winratio:1|positivedaysratio:1|meanloss:NaN|meanwin:0,00780000000000003|meantrade:0,00780000000000003|stddeviationwin:0|stddeviationloss:NaN|stddeviation:0|meanholdtime:9728;
GBPUSD;168;SSIStrategy_V0;0,37;0,07;True;SSIStrategy_V0;2;0,00609999999999999;-0,000699999999999923;0,5;0,5;1;-0,000699999999999923;0,00679999999999992;0,00305;0;0;0,00374999999999992;3528;pair:GBPUSD|timeframe:168|strategy:SSIStrategy_V0|thresholdOpen:0,37|thresholdClose:0,07|followTrend:True|name:SSIStrategy_V0;S:1450802543435:1,4813:1450820393435:1,482|L:1450855245435:1,4856:1451260804435:1,4924|;positions:2|profit:0,00609999999999999|drawdown:-0,000699999999999923|long:0,5|winratio:0,5|positivedaysratio:1|meanloss:-0,000699999999999923|meanwin:0,00679999999999992|meantrade:0,00305|stddeviationwin:0|stddeviationloss:0|stddeviation:0,00374999999999992|meanholdtime:3528;
GBPUSD;168;SSIStrategy_V0;0,1;0,47;False;SSIStrategy_V0;1;0,00150000000000006;0;1;1;1;NaN;0,00150000000000006;0,00150000000000006;0;NaN;0;10033;pair:GBPUSD|timeframe:168|strategy:SSIStrategy_V0|thresholdOpen:0,1|thresholdClose:0,47|followTrend:False|name:SSIStrategy_V0;L:1450658802435:1,4909:1451260804435:1,4924|;positions:1|profit:0,00150000000000006|drawdown:0|long:1|winratio:1|positivedaysratio:1|meanloss:NaN|meanwin:0,00150000000000006|meantrade:0,00150000000000006|stddeviationwin:0|stddeviationloss:NaN|stddeviation:0|meanholdtime:10033;
EURUSD;168;SSIStrategy_V0;0,41;0,33;False;SSIStrategy_V0;1;-0,00859999999999994;-0,00859999999999994;0;0;0;-0,00859999999999994;NaN;-0,00859999999999994;NaN;0;0;10023;pair:EURUSD|timeframe:168|strategy:SSIStrategy_V0|thresholdOpen:0,41|thresholdClose:0,33|followTrend:False|name:SSIStrategy_V0;S:1450659406435:1,087:1451260804435:1,0956|;positions:1|profit:-0,00859999999999994|drawdown:-0,00859999999999994|long:0|winratio:0|positivedaysratio:0|meanloss:-0,00859999999999994|meanwin:NaN|meantrade:-0,00859999999999994|stddeviationwin:NaN|stddeviationloss:0|stddeviation:0|meanholdtime:10023;
USDCHF;168;SSIStrategy_V0;0,33;0,35;True;SSIStrategy_V0;1;0,00470000000000004;0;0;1;1;NaN;0,00470000000000004;0,00470000000000004;0;NaN;0;10033;pair:USDCHF|timeframe:168|strategy:SSIStrategy_V0|thresholdOpen:0,33|thresholdClose:0,35|followTrend:True|name:SSIStrategy_V0;S:1450658802435:0,9919:1451260804435:0,9872|;positions:1|profit:0,00470000000000004|drawdown:0|long:0|winratio:1|positivedaysratio:1|meanloss:NaN|meanwin:0,00470000000000004|meantrade:0,00470000000000004|stddeviationwin:0|stddeviationloss:NaN|stddeviation:0|meanholdtime:10033;
USDJPY;168;SSIStrategy_V0;0,31;0,07;True;SSIStrategy_V0;1;0,719999999999999;0;0;1;1;NaN;0,719999999999999;0,719999999999999;0;NaN;0;6178;pair:USDJPY|timeframe:168|strategy:SSIStrategy_V0|thresholdOpen:0,31|thresholdClose:0,07|followTrend:True|name:SSIStrategy_V0;S:1450890086435:120,95:1451260804435:120,23|;positions:1|profit:0,719999999999999|drawdown:0|long:0|winratio:1|positivedaysratio:1|meanloss:NaN|meanwin:0,719999999999999|meantrade:0,719999999999999|stddeviationwin:0|stddeviationloss:NaN|stddeviation:0|meanholdtime:6178;
USDJPY;168;SSIStrategy_V0;0,15;0,11;True;SSIStrategy_V0;2;0,730000000000004;-0,269999999999996;0;0,5;1;-0,269999999999996;1;0,365000000000002;0;0;0,634999999999998;4814;pair:USDJPY|timeframe:168|strategy:SSIStrategy_V0|thresholdOpen:0,15|thresholdClose:0,11|followTrend:True|name:SSIStrategy_V0;S:1450662045435:121,14:1450687734435:121,41|S:1450708748435:121,23:1451260804435:120,23|;positions:2|profit:0,730000000000004|drawdown:-0,269999999999996|long:0|winratio:0,5|positivedaysratio:1|meanloss:-0,269999999999996|meanwin:1|meantrade:0,365000000000002|stddeviationwin:0|stddeviationloss:0|stddeviation:0,634999999999998|meanholdtime:4814;
EURUSD;168;SSIStrategy_V0;0;0,49;True;SSIStrategy_V0;1;0,00929999999999986;0;1;1;1;NaN;0,00929999999999986;0,00929999999999986;0;NaN;0;10033;pair:EURUSD|timeframe:168|strategy:SSIStrategy_V0|thresholdOpen:0|thresholdClose:0,49|followTrend:True|name:SSIStrategy_V0;L:1450658802435:1,0859:1451260804435:1,0952|;positions:1|profit:0,00929999999999986|drawdown:0|long:1|winratio:1|positivedaysratio:1|meanloss:NaN|meanwin:0,00929999999999986|meantrade:0,00929999999999986|stddeviationwin:0|stddeviationloss:NaN|stddeviation:0|meanholdtime:10033;
EURUSD;168;SSIStrategy_V0;0,31;0,22;True;SSIStrategy_V0;1;0,00929999999999986;0;1;1;1;NaN;0,00929999999999986;0,00929999999999986;0;NaN;0;10033;pair:EURUSD|timeframe:168|strategy:SSIStrategy_V0|thresholdOpen:0,31|thresholdClose:0,22|followTrend:True|name:SSIStrategy_V0;L:1450658802435:1,0859:1451260804435:1,0952|;positions:1|profit:0,00929999999999986|drawdown:0|long:1|winratio:1|positivedaysratio:1|meanloss:NaN|meanwin:0,00929999999999986|meantrade:0,00929999999999986|stddeviationwin:0|stddeviationloss:NaN|stddeviation:0|meanholdtime:10033;
EURUSD;168;SSIStrategy_V0;0,28;0,35;False;SSIStrategy_V0;1;-0,0098999999999998;-0,0098999999999998;0;0;0;-0,0098999999999998;NaN;-0,0098999999999998;NaN;0;0;10033;pair:EURUSD|timeframe:168|strategy:SSIStrategy_V0|thresholdOpen:0,28|thresholdClose:0,35|followTrend:False|name:SSIStrategy_V0;S:1450658802435:1,0857:1451260804435:1,0956|;positions:1|profit:-0,0098999999999998|drawdown:-0,0098999999999998|long:0|winratio:0|positivedaysratio:0|meanloss:-0,0098999999999998|meanwin:NaN|meantrade:-0,0098999999999998|stddeviationwin:NaN|stddeviationloss:0|stddeviation:0|meanholdtime:10033;
EURUSD;168;SSIStrategy_V0;0,36;0,15;True;SSIStrategy_V0;1;0,00819999999999999;0;1;1;1;NaN;0,00819999999999999;0,00819999999999999;0;NaN;0;10028;pair:EURUSD|timeframe:168|strategy:SSIStrategy_V0|thresholdOpen:0,36|thresholdClose:0,15|followTrend:True|name:SSIStrategy_V0;L:1450659100435:1,087:1451260804435:1,0952|;positions:1|profit:0,00819999999999999|drawdown:0|long:1|winratio:1|positivedaysratio:1|meanloss:NaN|meanwin:0,00819999999999999|meantrade:0,00819999999999999|stddeviationwin:0|stddeviationloss:NaN|stddeviation:0|meanholdtime:10028;
EURUSD;168;SSIStrategy_V0;0,43;0,41;False;SSIStrategy_V0;1;-0,00779999999999981;-0,00779999999999981;0;0;0;-0,00779999999999981;NaN;-0,00779999999999981;NaN;0;0;9994;pair:EURUSD|timeframe:168|strategy:SSIStrategy_V0|thresholdOpen:0,43|thresholdClose:0,41|followTrend:False|name:SSIStrategy_V0;S:1450661121435:1,0878:1451260804435:1,0956|;positions:1|profit:-0,00779999999999981|drawdown:-0,00779999999999981|long:0|winratio:0|positivedaysratio:0|meanloss:-0,00779999999999981|meanwin:NaN|meantrade:-0,00779999999999981|stddeviationwin:NaN|stddeviationloss:0|stddeviation:0|meanholdtime:9994;
USDJPY;168;SSIStrategy_V0;0,29;0,12;False;SSIStrategy_V0;1;-0,569999999999993;-0,569999999999993;1;0;0;-0,569999999999993;NaN;-0,569999999999993;NaN;0;0;7698;pair:USDJPY|timeframe:168|strategy:SSIStrategy_V0|thresholdOpen:0,29|thresholdClose:0,12|followTrend:False|name:SSIStrategy_V0;L:1450798880435:120,8:1451260804435:120,23|;positions:1|profit:-0,569999999999993|drawdown:-0,569999999999993|long:1|winratio:0|positivedaysratio:0|meanloss:-0,569999999999993|meanwin:NaN|meantrade:-0,569999999999993|stddeviationwin:NaN|stddeviationloss:0|stddeviation:0|meanholdtime:7698;
USDJPY;168;SSIStrategy_V0;0,01;0,34;False;SSIStrategy_V0;1;-1,00999999999999;-1,00999999999999;1;0;0;-1,00999999999999;NaN;-1,00999999999999;NaN;0;0;10033;pair:USDJPY|timeframe:168|strategy:SSIStrategy_V0|thresholdOpen:0,01|thresholdClose:0,34|followTrend:False|name:SSIStrategy_V0;L:1450658802435:121,24:1451260804435:120,23|;positions:1|profit:-1,00999999999999|drawdown:-1,00999999999999|long:1|winratio:0|positivedaysratio:0|meanloss:-1,00999999999999|meanwin:NaN|meantrade:-1,00999999999999|stddeviationwin:NaN|stddeviationloss:0|stddeviation:0|meanholdtime:10033;
GBPUSD;168;SSIStrategy_V0;0,27;0,22;True;SSIStrategy_V0;2;0,0126999999999999;0;0,5;1;1;NaN;0,00634999999999997;0,00634999999999997;0,000949999999999895;NaN;0,000949999999999895;4741;pair:GBPUSD|timeframe:168|strategy:SSIStrategy_V0|thresholdOpen:0,27|thresholdClose:0,22|followTrend:True|name:SSIStrategy_V0;S:1450690896435:1,4898:1450850022435:1,4844|L:1450850961435:1,4851:1451260804435:1,4924|;positions:2|profit:0,0126999999999999|drawdown:0|long:0,5|winratio:1|positivedaysratio:1|meanloss:NaN|meanwin:0,00634999999999997|meantrade:0,00634999999999997|stddeviationwin:0,000949999999999895|stddeviationloss:NaN|stddeviation:0,000949999999999895|meanholdtime:4741;
USDCHF;168;SSIStrategy_V0;0,18;0,02;False;SSIStrategy_V0;5;-0,0107999999999999;-0,0107999999999999;0,6;0,4;0;-0,00393333333333327;0,000499999999999945;-0,00215999999999998;9,9999999999989E-05;0,000903081145609643;0,00228263006201176;756;pair:USDCHF|timeframe:168|strategy:SSIStrategy_V0|thresholdOpen:0,18|thresholdClose:0,02|followTrend:False|name:SSIStrategy_V0;L:1450658802435:0,9937:1450686696435:0,9941|L:1450716424435:0,9904:1450796902435:0,9875|S:1450799002435:0,9881:1450821440435:0,9875|S:1450856225435:0,9892:1450890698435:0,9943|L:1450897806435:0,9914:1450959494435:0,9876|;positions:5|profit:-0,0107999999999999|drawdown:-0,0107999999999999|long:0,6|winratio:0,4|positivedaysratio:0|meanloss:-0,00393333333333327|meanwin:0,000499999999999945|meantrade:-0,00215999999999998|stddeviationwin:9,9999999999989E-05|stddeviationloss:0,000903081145609643|stddeviation:0,00228263006201176|meanholdtime:756;
EURUSD;168;SSIStrategy_V0;0,36;0,38;True;SSIStrategy_V0;1;0,00819999999999999;0;1;1;1;NaN;0,00819999999999999;0,00819999999999999;0;NaN;0;10028;pair:EURUSD|timeframe:168|strategy:SSIStrategy_V0|thresholdOpen:0,36|thresholdClose:0,38|followTrend:True|name:SSIStrategy_V0;L:1450659100435:1,087:1451260804435:1,0952|;positions:1|profit:0,00819999999999999|drawdown:0|long:1|winratio:1|positivedaysratio:1|meanloss:NaN|meanwin:0,00819999999999999|meantrade:0,00819999999999999|stddeviationwin:0|stddeviationloss:NaN|stddeviation:0|meanholdtime:10028;
GBPUSD;168;SSIStrategy_V0;0,49;0,34;True;SSIStrategy_V0;0;0;0;NaN;NaN;NaN;NaN;NaN;NaN;NaN;NaN;NaN;pair:GBPUSD|timeframe:168|strategy:SSIStrategy_V0|thresholdOpen:0,49|thresholdClose:0,34|followTrend:True|name:SSIStrategy_V0;;positions:0|profit:0|drawdown:0|long:NaN|winratio:NaN|positivedaysratio:NaN|meanloss:NaN|meanwin:NaN|meantrade:NaN|stddeviationwin:NaN|stddeviationloss:NaN|stddeviation:NaN;
EURUSD;168;SSIStrategy_V0;0,44;0,41;True;SSIStrategy_V0;1;0,00780000000000003;0;1;1;1;NaN;0,00780000000000003;0,00780000000000003;0;NaN;0;9728;pair:EURUSD|timeframe:168|strategy:SSIStrategy_V0|thresholdOpen:0,44|thresholdClose:0,41|followTrend:True|name:SSIStrategy_V0;L:1450677107435:1,0874:1451260804435:1,0952|;positions:1|profit:0,00780000000000003|drawdown:0|long:1|winratio:1|positivedaysratio:1|meanloss:NaN|meanwin:0,00780000000000003|meantrade:0,00780000000000003|stddeviationwin:0|stddeviationloss:NaN|stddeviation:0|meanholdtime:9728;
USDCHF;168;SSIStrategy_V0;0,09;0;False;SSIStrategy_V0;11;-0,0102000000000002;-0,0113000000000003;0,545454545454545;0,454545454545455;0,333333333333333;-0,00228333333333336;0,000699999999999989;-0,000927272727272746;0,000505964425626911;0,00138252988715935;0,00183456257312492;862;pair:USDCHF|timeframe:168|strategy:SSIStrategy_V0|thresholdOpen:0,09|thresholdClose:0|followTrend:False|name:SSIStrategy_V0;L:1450658802435:0,9937:1450686696435:0,9941|S:1450687612435:0,9952:1450705421435:0,9936|L:1450716301435:0,9907:1450796902435:0,9875|S:1450797153435:0,9871:1450821368435:0,9875|L:1450821612435:0,9885:1450828982435:0,9878|S:1450829169435:0,9878:1450868689435:0,9897|S:1450874647435:0,9903:1450890576435:0,9943|L:1450897497435:0,9915:1450898363435:0,9919|L:1450900627435:0,9906:1450942969435:0,9871|L:1450947451435:0,9866:1450959431435:0,9875|S:1450959805435:0,9874:1451260804435:0,9872|;positions:11|profit:-0,0102000000000002|drawdown:-0,0113000000000003|long:0,545454545454545|winratio:0,454545454545455|positivedaysratio:0,333333333333333|meanloss:-0,00228333333333336|meanwin:0,000699999999999989|meantrade:-0,000927272727272746|stddeviationwin:0,000505964425626911|stddeviationloss:0,00138252988715935|stddeviation:0,00183456257312492|meanholdtime:862;
EURUSD;168;SSIStrategy_V0;0,33;0,42;False;SSIStrategy_V0;1;-0,0098999999999998;-0,0098999999999998;0;0;0;-0,0098999999999998;NaN;-0,0098999999999998;NaN;0;0;10033;pair:EURUSD|timeframe:168|strategy:SSIStrategy_V0|thresholdOpen:0,33|thresholdClose:0,42|followTrend:False|name:SSIStrategy_V0;S:1450658802435:1,0857:1451260804435:1,0956|;positions:1|profit:-0,0098999999999998|drawdown:-0,0098999999999998|long:0|winratio:0|positivedaysratio:0|meanloss:-0,0098999999999998|meanwin:NaN|meantrade:-0,0098999999999998|stddeviationwin:NaN|stddeviationloss:0|stddeviation:0|meanholdtime:10033;
USDJPY;168;SSIStrategy_V0;0,27;0,12;False;SSIStrategy_V0;1;-1,00999999999999;-1,00999999999999;1;0;0;-1,00999999999999;NaN;-1,00999999999999;NaN;0;0;9884;pair:USDJPY|timeframe:168|strategy:SSIStrategy_V0|thresholdOpen:0,27|thresholdClose:0,12|followTrend:False|name:SSIStrategy_V0;L:1450667749435:121,24:1451260804435:120,23|;positions:1|profit:-1,00999999999999|drawdown:-1,00999999999999|long:1|winratio:0|positivedaysratio:0|meanloss:-1,00999999999999|meanwin:NaN|meantrade:-1,00999999999999|stddeviationwin:NaN|stddeviationloss:0|stddeviation:0|meanholdtime:9884;
USDCHF;168;SSIStrategy_V0;0,29;0,26;True;SSIStrategy_V0;310;-0,0220000000000088;-0,0228000000000087;0,996774193548387;0,0032258064516129;NaN;-0,000105676855895235;0,00219999999999998;-9,56521739130817E-05;0;8,57186442432506E-05;0,000174152009736537;14;pair:USDCHF|timeframe:168|strategy:SSIStrategy_V0|thresholdOpen:0,29|thresholdClose:0,26|followTrend:True|name:SSIStrategy_V0;L:1450856534435:0,9895:1450856534435:0,9894|L:1450856535435:0,9895:1450856535435:0,9894|L:1450856536435:0,9895:1450856536435:0,9894|L:1450856537435:0,9895:1450856537435:0,9894|L:1450856538435:0,9895:1450856538435:0,9894|L:1450856539435:0,9895:1450856539435:0,9894|L:1450856540435:0,9895:1450856540435:0,9894|L:1450856541435:0,9895:1450856541435:0,9894|L:1450856542435:0,9895:1450856542435:0,9894|L:1450856543435:0,9895:1450856543435:0,9894|L:1450856544435:0,9895:1450856544435:0,9894|L:1450856545435:0,9895:1450856545435:0,9894|L:1450856546435:0,9895:1450856546435:0,9894|L:1450856547435:0,9895:1450856547435:0,9894|L:1450856548435:0,9895:1450856548435:0,9894|L:1450856549435:0,9895:1450856549435:0,9894|L:1450856550435:0,9895:1450856550435:0,9894|L:1450856551435:0,9895:1450856551435:0,9894|L:1450856552435:0,9895:1450856552435:0,9894|L:1450856553435:0,9895:1450856553435:0,9894|L:1450856554435:0,9895:1450856554435:0,9894|L:1450856555435:0,9895:1450856555435:0,9894|L:1450856556435:0,9895:1450856556435:0,9894|L:1450856557435:0,9895:1450856557435:0,9894|L:1450856558435:0,9895:1450856558435:0,9894|L:1450856559435:0,9895:1450856559435:0,9894|L:1450856560435:0,9895:1450856560435:0,9894|L:1450856561435:0,9895:1450856561435:0,9894|L:1450856562435:0,9895:1450856562435:0,9894|L:1450856563435:0,9895:1450856563435:0,9894|L:1450856564435:0,9895:1450856564435:0,9894|L:1450856565435:0,9895:1450856565435:0,9894|L:1450856566435:0,9895:1450856566435:0,9894|L:1450856567435:0,9895:1450856567435:0,9894|L:1450856568435:0,9895:1450856568435:0,9894|L:1450856569435:0,9895:1450856569435:0,9894|L:1450856570435:0,9895:1450856570435:0,9894|L:1450856571435:0,9895:1450856571435:0,9894|L:1450856572435:0,9895:1450856572435:0,9894|L:1450856573435:0,9895:1450856573435:0,9894|L:1450856574435:0,9895:1450856574435:0,9894|L:1450856575435:0,9895:1450856575435:0,9894|L:1450856576435:0,9895:1450856576435:0,9894|L:1450856577435:0,9895:1450856577435:0,9894|L:1450856578435:0,9895:1450856578435:0,9894|L:1450856579435:0,9895:1450856579435:0,9894|L:1450856580435:0,9895:1450856580435:0,9894|L:1450856581435:0,9895:1450856581435:0,9894|L:1450856582435:0,9895:1450856582435:0,9894|L:1450856583435:0,9895:1450856583435:0,9894|L:1450856584435:0,9895:1450856584435:0,9894|L:1450856585435:0,9895:1450856585435:0,9894|L:1450856586435:0,9895:1450856586435:0,9894|L:1450856587435:0,9895:1450856587435:0,9894|L:1450856588435:0,9895:1450856588435:0,9894|L:1450856589435:0,9895:1450856589435:0,9894|L:1450856590435:0,9895:1450856590435:0,9894|L:1450856591435:0,9895:1450856591435:0,9894|L:1450856592435:0,9895:1450856592435:0,9894|L:1450856593435:0,9895:1450856593435:0,9894|L:1450856594435:0,9895:1450856594435:0,9894|L:1450856595435:0,9895:1450856595435:0,9894|L:1450856596435:0,9895:1450856596435:0,9894|L:1450856597435:0,9895:1450856597435:0,9894|L:1450856598435:0,9895:1450856598435:0,9894|L:1450856599435:0,9895:1450856599435:0,9894|L:1450856600435:0,9895:1450856600435:0,9894|L:1450856601435:0,9895:1450856601435:0,9894|L:1450856602435:0,9895:1450856602435:0,9894|L:1450856603435:0,9895:1450856603435:0,9894|L:1450856604435:0,9895:1450856604435:0,9894|L:1450856605435:0,9895:1450856605435:0,9894|L:1450856606435:0,9895:1450856606435:0,9894|L:1450856607435:0,9895:1450856607435:0,9894|L:1450856608435:0,9895:1450856608435:0,9894|L:1450856609435:0,9895:1450856609435:0,9894|L:1450856610435:0,9895:1450856610435:0,9894|L:1450856611435:0,9895:1450856611435:0,9894|L:1450856612435:0,9895:1450856612435:0,9894|L:1450856613435:0,9895:1450856613435:0,9894|L:1450856614435:0,9895:1450856614435:0,9894|L:1450856615435:0,9895:1450856615435:0,9894|L:1450856616435:0,9895:1450856616435:0,9894|L:1450856617435:0,9895:1450856617435:0,9894|L:1450856618435:0,9895:1450856618435:0,9894|L:1450856619435:0,9895:1450856619435:0,9894|L:1450856620435:0,9895:1450856620435:0,9894|L:1450856621435:0,9895:1450856621435:0,9894|L:1450856622435:0,9895:1450856622435:0,9894|L:1450856623435:0,9895:1450856623435:0,9894|L:1450856624435:0,9895:1450856624435:0,9894|L:1450856625435:0,9895:1450856625435:0,9894|L:1450856626435:0,9895:1450856626435:0,9894|L:1450856627435:0,9895:1450856627435:0,9894|L:1450856628435:0,9895:1450856628435:0,9894|L:1450856629435:0,9895:1450856629435:0,9894|L:1450856630435:0,9895:1450856630435:0,9894|L:1450856631435:0,9895:1450856631435:0,9894|L:1450856632435:0,9895:1450856632435:0,9894|L:1450856633435:0,9895:1450856633435:0,9894|L:1450856634435:0,9895:1450856634435:0,9894|L:1450856635435:0,9896:1450856635435:0,9895|L:1450856636435:0,9896:1450856636435:0,9895|L:1450856637435:0,9896:1450856637435:0,9895|L:1450856638435:0,9897:1450856638435:0,9896|L:1450856639435:0,9897:1450856639435:0,9896|L:1450856640435:0,9897:1450856640435:0,9896|L:1450856641435:0,9897:1450856641435:0,9896|L:1450856642435:0,9897:1450856642435:0,9896|L:1450856643435:0,9897:1450856643435:0,9896|L:1450856644435:0,9897:1450856644435:0,9896|L:1450856645435:0,9896:1450856645435:0,9896|L:1450856646435:0,9896:1450856646435:0,9896|L:1450856647435:0,9896:1450856647435:0,9896|L:1450856648435:0,9896:1450856648435:0,9896|L:1450856649435:0,9896:1450856649435:0,9896|L:1450856650435:0,9896:1450856650435:0,9896|L:1450856651435:0,9896:1450856651435:0,9896|L:1450856652435:0,9896:1450856652435:0,9896|L:1450856653435:0,9896:1450856653435:0,9896|L:1450856654435:0,9896:1450856654435:0,9896|L:1450856655435:0,9896:1450856655435:0,9896|L:1450856656435:0,9896:1450856656435:0,9895|L:1450856657435:0,9896:1450856657435:0,9895|L:1450856658435:0,9896:1450856658435:0,9895|L:1450856659435:0,9896:1450856659435:0,9895|L:1450856660435:0,9896:1450856660435:0,9895|L:1450856661435:0,9896:1450856661435:0,9895|L:1450856662435:0,9896:1450856662435:0,9895|L:1450856663435:0,9896:1450856663435:0,9895|L:1450856664435:0,9896:1450856664435:0,9895|L:1450856665435:0,9896:1450856665435:0,9895|L:1450856666435:0,9896:1450856666435:0,9895|L:1450856667435:0,9896:1450856667435:0,9895|L:1450856668435:0,9896:1450856668435:0,9895|L:1450856669435:0,9896:1450856669435:0,9895|L:1450856670435:0,9896:1450856670435:0,9895|L:1450856671435:0,9896:1450856671435:0,9895|L:1450856672435:0,9896:1450856672435:0,9895|L:1450856673435:0,9896:1450856673435:0,9895|L:1450856674435:0,9896:1450856674435:0,9895|L:1450856675435:0,9896:1450856675435:0,9895|L:1450856676435:0,9896:1450856676435:0,9895|L:1450856677435:0,9896:1450856677435:0,9895|L:1450856678435:0,9896:1450856678435:0,9895|L:1450856679435:0,9896:1450856679435:0,9895|L:1450856680435:0,9896:1450856680435:0,9895|L:1450856681435:0,9896:1450856681435:0,9895|L:1450856682435:0,9896:1450856682435:0,9895|L:1450856683435:0,9896:1450856683435:0,9895|L:1450856684435:0,9896:1450856684435:0,9895|L:1450856685435:0,9896:1450856685435:0,9895|L:1450856686435:0,9896:1450856686435:0,9895|L:1450856687435:0,9896:1450856687435:0,9895|L:1450856688435:0,9896:1450856688435:0,9895|L:1450856689435:0,9896:1450856689435:0,9895|L:1450856690435:0,9896:1450856690435:0,9895|L:1450856691435:0,9896:1450856691435:0,9895|L:1450856692435:0,9896:1450856692435:0,9895|L:1450856693435:0,9896:1450856693435:0,9895|L:1450856694435:0,9896:1450856694435:0,9895|L:1450856695435:0,9896:1450856695435:0,9895|L:1450856696435:0,9896:1450856696435:0,9895|L:1450856697435:0,9896:1450856697435:0,9895|L:1450856698435:0,9896:1450856698435:0,9895|L:1450856699435:0,9896:1450856699435:0,9895|L:1450856700435:0,9896:1450856700435:0,9895|L:1450856701435:0,9896:1450856701435:0,9895|L:1450856702435:0,9896:1450856702435:0,9895|L:1450856703435:0,9896:1450856703435:0,9895|L:1450856704435:0,9896:1450856704435:0,9895|L:1450856705435:0,9896:1450856705435:0,9895|L:1450856706435:0,9896:1450856706435:0,9895|L:1450856707435:0,9896:1450856707435:0,9895|L:1450856708435:0,9896:1450856708435:0,9895|L:1450856709435:0,9896:1450856709435:0,9895|L:1450856710435:0,9896:1450856710435:0,9895|L:1450856711435:0,9896:1450856711435:0,9895|L:1450856712435:0,9896:1450856712435:0,9895|L:1450856713435:0,9896:1450856713435:0,9895|L:1450856714435:0,9896:1450856714435:0,9896|L:1450856715435:0,9896:1450856715435:0,9896|L:1450856716435:0,9896:1450856716435:0,9896|L:1450856717435:0,9896:1450856717435:0,9896|L:1450856718435:0,9896:1450856718435:0,9896|L:1450856719435:0,9896:1450856719435:0,9896|L:1450856720435:0,9896:1450856720435:0,9896|L:1450856721435:0,9896:1450856721435:0,9896|L:1450856722435:0,9896:1450856722435:0,9896|L:1450856723435:0,9896:1450856723435:0,9896|L:1450856724435:0,9896:1450856724435:0,9896|L:1450856725435:0,9896:1450856725435:0,9896|L:1450856726435:0,9896:1450856726435:0,9896|L:1450856727435:0,9896:1450856727435:0,9896|L:1450856728435:0,9896:1450856728435:0,9896|L:1450856729435:0,9896:1450856729435:0,9896|L:1450856730435:0,9896:1450856730435:0,9896|L:1450856731435:0,9896:1450856731435:0,9896|L:1450856732435:0,9896:1450856732435:0,9896|L:1450856733435:0,9896:1450856733435:0,9896|L:1450856734435:0,9896:1450856734435:0,9896|L:1450856735435:0,9896:1450856735435:0,9896|L:1450856736435:0,9896:1450856736435:0,9896|L:1450856737435:0,9896:1450856737435:0,9896|L:1450856738435:0,9897:1450856738435:0,9896|L:1450856739435:0,9897:1450856739435:0,9896|L:1450856740435:0,9897:1450856740435:0,9896|L:1450856741435:0,9897:1450856741435:0,9896|L:1450856742435:0,9897:1450856742435:0,9896|L:1450856743435:0,9897:1450856743435:0,9896|L:1450856744435:0,9897:1450856744435:0,9896|L:1450856745435:0,9897:1450856745435:0,9896|L:1450856746435:0,9897:1450856746435:0,9896|L:1450856747435:0,9897:1450856747435:0,9896|L:1450856748435:0,9897:1450856748435:0,9896|L:1450856749435:0,9897:1450856749435:0,9896|L:1450856750435:0,9897:1450856750435:0,9896|L:1450856751435:0,9897:1450856751435:0,9896|L:1450856752435:0,9897:1450856752435:0,9896|L:1450856753435:0,9897:1450856753435:0,9896|L:1450856754435:0,9897:1450856754435:0,9896|L:1450856755435:0,9897:1450856755435:0,9896|L:1450856756435:0,9897:1450856756435:0,9896|L:1450856757435:0,9897:1450856757435:0,9896|L:1450856758435:0,9897:1450856758435:0,9896|L:1450856759435:0,9897:1450856759435:0,9896|L:1450856760435:0,9897:1450856760435:0,9896|L:1450856761435:0,9897:1450856761435:0,9896|L:1450856762435:0,9897:1450856762435:0,9896|L:1450856763435:0,9897:1450856763435:0,9896|L:1450856764435:0,9897:1450856764435:0,9896|L:1450856765435:0,9897:1450856765435:0,9896|L:1450856766435:0,9897:1450856766435:0,9896|L:1450856767435:0,9897:1450856767435:0,9896|L:1450856768435:0,9897:1450856768435:0,9896|L:1450856769435:0,9897:1450856769435:0,9896|L:1450856770435:0,9897:1450856770435:0,9896|L:1450856771435:0,9897:1450856771435:0,9896|L:1450856772435:0,9897:1450856772435:0,9896|L:1450856773435:0,9897:1450856773435:0,9896|L:1450856774435:0,9897:1450856774435:0,9896|L:1450856775435:0,9897:1450856775435:0,9896|L:1450856776435:0,9897:1450856776435:0,9896|L:1450856777435:0,9897:1450856777435:0,9896|L:1450856778435:0,9897:1450856778435:0,9896|L:1450856779435:0,9897:1450856779435:0,9896|L:1450856780435:0,9897:1450856780435:0,9896|L:1450856781435:0,9897:1450856781435:0,9896|L:1450856782435:0,9897:1450856782435:0,9896|L:1450856783435:0,9897:1450856783435:0,9896|L:1450856784435:0,9897:1450856784435:0,9896|L:1450856785435:0,9897:1450856785435:0,9896|L:1450856786435:0,9897:1450856786435:0,9896|L:1450856787435:0,9897:1450856787435:0,9896|L:1450856788435:0,9897:1450856788435:0,9896|L:1450856789435:0,9897:1450856789435:0,9896|L:1450856790435:0,9897:1450856790435:0,9896|L:1450856791435:0,9897:1450856791435:0,9896|L:1450856792435:0,9897:1450856792435:0,9896|L:1450856793435:0,9897:1450856793435:0,9896|L:1450856794435:0,9897:1450856794435:0,9896|L:1450856795435:0,9897:1450856795435:0,9897|L:1450856796435:0,9898:1450856796435:0,9897|L:1450856797435:0,9898:1450856797435:0,9897|L:1450856798435:0,9898:1450856798435:0,9898|L:1450856799435:0,9898:1450856799435:0,9898|L:1450856800435:0,9898:1450856800435:0,9898|L:1450856801435:0,9898:1450856801435:0,9898|L:1450856802435:0,9898:1450856802435:0,9898|L:1450856803435:0,9898:1450856803435:0,9898|L:1450856804435:0,9898:1450856804435:0,9898|L:1450856805435:0,9898:1450856805435:0,9898|L:1450856806435:0,9898:1450856806435:0,9898|L:1450856807435:0,9898:1450856807435:0,9898|L:1450856808435:0,9898:1450856808435:0,9898|L:1450856809435:0,9898:1450856809435:0,9898|L:1450856810435:0,9898:1450856810435:0,9898|L:1450856811435:0,9898:1450856811435:0,9898|L:1450856812435:0,9898:1450856812435:0,9898|L:1450856813435:0,9898:1450856813435:0,9898|L:1450856814435:0,9898:1450856814435:0,9898|L:1450856815435:0,9898:1450856815435:0,9898|L:1450856816435:0,9898:1450856816435:0,9898|L:1450856817435:0,9898:1450856817435:0,9898|L:1450856818435:0,9898:1450856818435:0,9898|L:1450856819435:0,9898:1450856819435:0,9898|L:1450856820435:0,9898:1450856820435:0,9898|L:1450856821435:0,9898:1450856821435:0,9898|L:1450856822435:0,9898:1450856822435:0,9898|L:1450856823435:0,9898:1450856823435:0,9898|L:1450856824435:0,9898:1450856824435:0,9898|L:1450856825435:0,9898:1450856825435:0,9898|L:1450856826435:0,9898:1450856826435:0,9898|L:1450856827435:0,9898:1450856827435:0,9898|L:1450856828435:0,9897:1450856828435:0,9897|L:1450856829435:0,9897:1450856829435:0,9897|L:1450856830435:0,9897:1450856830435:0,9897|L:1450856831435:0,9897:1450856831435:0,9897|L:1450856832435:0,9897:1450856832435:0,9897|L:1450856833435:0,9897:1450856833435:0,9897|L:1450856834435:0,9897:1450856834435:0,9897|L:1450856835435:0,9897:1450856835435:0,9897|L:1450856836435:0,9897:1450856836435:0,9897|L:1450856837435:0,9897:1450856837435:0,9897|L:1450856838435:0,9897:1450856838435:0,9897|L:1450856839435:0,9897:1450856839435:0,9897|L:1450856840435:0,9897:1450856840435:0,9897|L:1450856841435:0,9896:1450856841435:0,9896|S:1450658802435:0,9919:1450856842435:0,9897|L:1450856903435:0,9896:1450934004435:0,9882|;positions:310|profit:-0,0220000000000088|drawdown:-0,0228000000000087|long:0,996774193548387|winratio:0,0032258064516129|positivedaysratio:NaN|meanloss:-0,000105676855895235|meanwin:0,00219999999999998|meantrade:-9,56521739130817E-05|stddeviationwin:0|stddeviationloss:8,57186442432506E-05|stddeviation:0,000174152009736537|meanholdtime:14;
USDJPY;168;SSIStrategy_V0;0,31;0,07;True;SSIStrategy_V0;1;0,719999999999999;0;0;1;1;NaN;0,719999999999999;0,719999999999999;0;NaN;0;6178;pair:USDJPY|timeframe:168|strategy:SSIStrategy_V0|thresholdOpen:0,31|thresholdClose:0,07|followTrend:True|name:SSIStrategy_V0;S:1450890086435:120,95:1451260804435:120,23|;positions:1|profit:0,719999999999999|drawdown:0|long:0|winratio:1|positivedaysratio:1|meanloss:NaN|meanwin:0,719999999999999|meantrade:0,719999999999999|stddeviationwin:0|stddeviationloss:NaN|stddeviation:0|meanholdtime:6178;
USDCHF;168;SSIStrategy_V0;0,29;0,31;True;SSIStrategy_V0;1;-0,00250000000000006;-0,00250000000000006;1;0;0;-0,00250000000000006;NaN;-0,00250000000000006;NaN;0;0;6737;pair:USDCHF|timeframe:168|strategy:SSIStrategy_V0|thresholdOpen:0,29|thresholdClose:0,31|followTrend:True|name:SSIStrategy_V0;L:1450856534435:0,9895:1451260804435:0,987|;positions:1|profit:-0,00250000000000006|drawdown:-0,00250000000000006|long:1|winratio:0|positivedaysratio:0|meanloss:-0,00250000000000006|meanwin:NaN|meantrade:-0,00250000000000006|stddeviationwin:NaN|stddeviationloss:0|stddeviation:0|meanholdtime:6737;
USDCHF;168;SSIStrategy_V0;0,39;0,03;False;SSIStrategy_V0;1;0,000499999999999945;0;1;1;NaN;NaN;0,000499999999999945;0,000499999999999945;0;NaN;0;463;pair:USDCHF|timeframe:168|strategy:SSIStrategy_V0|thresholdOpen:0,39|thresholdClose:0,03|followTrend:False|name:SSIStrategy_V0;L:1450658894435:0,9936:1450686696435:0,9941|;positions:1|profit:0,000499999999999945|drawdown:0|long:1|winratio:1|positivedaysratio:NaN|meanloss:NaN|meanwin:0,000499999999999945|meantrade:0,000499999999999945|stddeviationwin:0|stddeviationloss:NaN|stddeviation:0|meanholdtime:463;
USDCHF;168;SSIStrategy_V0;0,08;0,45;True;SSIStrategy_V0;1;-0,00829999999999997;-0,00829999999999997;1;0;0;-0,00829999999999997;NaN;-0,00829999999999997;NaN;0;0;9553;pair:USDCHF|timeframe:168|strategy:SSIStrategy_V0|thresholdOpen:0,08|thresholdClose:0,45|followTrend:True|name:SSIStrategy_V0;L:1450687612435:0,9953:1451260804435:0,987|;positions:1|profit:-0,00829999999999997|drawdown:-0,00829999999999997|long:1|winratio:0|positivedaysratio:0|meanloss:-0,00829999999999997|meanwin:NaN|meantrade:-0,00829999999999997|stddeviationwin:NaN|stddeviationloss:0|stddeviation:0|meanholdtime:9553;
USDCHF;168;SSIStrategy_V0;0,37;0,27;False;SSIStrategy_V0;1;-0,00430000000000008;-0,00430000000000008;1;0;0;-0,00430000000000008;NaN;-0,00430000000000008;NaN;0;0;3295;pair:USDCHF|timeframe:168|strategy:SSIStrategy_V0|thresholdOpen:0,37|thresholdClose:0,27|followTrend:False|name:SSIStrategy_V0;L:1450658802435:0,9937:1450856534435:0,9894|;positions:1|profit:-0,00430000000000008|drawdown:-0,00430000000000008|long:1|winratio:0|positivedaysratio:0|meanloss:-0,00430000000000008|meanwin:NaN|meantrade:-0,00430000000000008|stddeviationwin:NaN|stddeviationloss:0|stddeviation:0|meanholdtime:3295;
USDJPY;168;SSIStrategy_V0;0,03;0,49;True;SSIStrategy_V0;1;-1,17999999999999;-1,17999999999999;1;0;0;-1,17999999999999;NaN;-1,17999999999999;NaN;0;0;9560;pair:USDJPY|timeframe:168|strategy:SSIStrategy_V0|thresholdOpen:0,03|thresholdClose:0,49|followTrend:True|name:SSIStrategy_V0;L:1450687184435:121,41:1451260804435:120,23|;positions:1|profit:-1,17999999999999|drawdown:-1,17999999999999|long:1|winratio:0|positivedaysratio:0|meanloss:-1,17999999999999|meanwin:NaN|meantrade:-1,17999999999999|stddeviationwin:NaN|stddeviationloss:0|stddeviation:0|meanholdtime:9560;
EURUSD;168;SSIStrategy_V0;0,41;0,24;True;SSIStrategy_V0;1;0,00819999999999999;0;1;1;1;NaN;0,00819999999999999;0,00819999999999999;0;NaN;0;10023;pair:EURUSD|timeframe:168|strategy:SSIStrategy_V0|thresholdOpen:0,41|thresholdClose:0,24|followTrend:True|name:SSIStrategy_V0;L:1450659406435:1,087:1451260804435:1,0952|;positions:1|profit:0,00819999999999999|drawdown:0|long:1|winratio:1|positivedaysratio:1|meanloss:NaN|meanwin:0,00819999999999999|meantrade:0,00819999999999999|stddeviationwin:0|stddeviationloss:NaN|stddeviation:0|meanholdtime:10023;
USDCHF;168;SSIStrategy_V0;0,31;0,02;False;SSIStrategy_V0;1;0,000399999999999956;0;1;1;NaN;NaN;0,000399999999999956;0,000399999999999956;0;NaN;0;464;pair:USDCHF|timeframe:168|strategy:SSIStrategy_V0|thresholdOpen:0,31|thresholdClose:0,02|followTrend:False|name:SSIStrategy_V0;L:1450658802435:0,9937:1450686696435:0,9941|;positions:1|profit:0,000399999999999956|drawdown:0|long:1|winratio:1|positivedaysratio:NaN|meanloss:NaN|meanwin:0,000399999999999956|meantrade:0,000399999999999956|stddeviationwin:0|stddeviationloss:NaN|stddeviation:0|meanholdtime:464;
USDJPY;168;SSIStrategy_V0;0,45;0,41;True;SSIStrategy_V0;0;0;0;NaN;NaN;NaN;NaN;NaN;NaN;NaN;NaN;NaN;pair:USDJPY|timeframe:168|strategy:SSIStrategy_V0|thresholdOpen:0,45|thresholdClose:0,41|followTrend:True|name:SSIStrategy_V0;;positions:0|profit:0|drawdown:0|long:NaN|winratio:NaN|positivedaysratio:NaN|meanloss:NaN|meanwin:NaN|meantrade:NaN|stddeviationwin:NaN|stddeviationloss:NaN|stddeviation:NaN;
EURUSD;168;SSIStrategy_V0;0,09;0,28;False;SSIStrategy_V0;1;-0,0098999999999998;-0,0098999999999998;0;0;0;-0,0098999999999998;NaN;-0,0098999999999998;NaN;0;0;10033;pair:EURUSD|timeframe:168|strategy:SSIStrategy_V0|thresholdOpen:0,09|thresholdClose:0,28|followTrend:False|name:SSIStrategy_V0;S:1450658802435:1,0857:1451260804435:1,0956|;positions:1|profit:-0,0098999999999998|drawdown:-0,0098999999999998|long:0|winratio:0|positivedaysratio:0|meanloss:-0,0098999999999998|meanwin:NaN|meantrade:-0,0098999999999998|stddeviationwin:NaN|stddeviationloss:0|stddeviation:0|meanholdtime:10033;
EURUSD;168;SSIStrategy_V0;0,1;0,15;False;SSIStrategy_V0;1;-0,0098999999999998;-0,0098999999999998;0;0;0;-0,0098999999999998;NaN;-0,0098999999999998;NaN;0;0;10033;pair:EURUSD|timeframe:168|strategy:SSIStrategy_V0|thresholdOpen:0,1|thresholdClose:0,15|followTrend:False|name:SSIStrategy_V0;S:1450658802435:1,0857:1451260804435:1,0956|;positions:1|profit:-0,0098999999999998|drawdown:-0,0098999999999998|long:0|winratio:0|positivedaysratio:0|meanloss:-0,0098999999999998|meanwin:NaN|meantrade:-0,0098999999999998|stddeviationwin:NaN|stddeviationloss:0|stddeviation:0|meanholdtime:10033;
GBPUSD;168;SSIStrategy_V0;0,13;0,36;True;SSIStrategy_V0;248;-0,019799999999998;-0,0267999999999979;1;0,0120967741935484;0;-0,000153968253968243;0,00309999999999995;-0,00010312499999999;0,00286472802664868;0,000739975417186141;0,000911095165743761;37;pair:GBPUSD|timeframe:168|strategy:SSIStrategy_V0|thresholdOpen:0,13|thresholdClose:0,36|followTrend:True|name:SSIStrategy_V0;L:1450661737435:1,4916:1450802543435:1,4813|L:1450842600435:1,4834:1450855245435:1,4855|L:1450855246435:1,4856:1450855246435:1,4855|L:1450855247435:1,4856:1450855247435:1,4855|L:1450855248435:1,4856:1450855248435:1,4855|L:1450855249435:1,4856:1450855249435:1,4855|L:1450855250435:1,4856:1450855250435:1,4855|L:1450855251435:1,4856:1450855251435:1,4855|L:1450855252435:1,4856:1450855252435:1,4855|L:1450855253435:1,4856:1450855253435:1,4855|L:1450855254435:1,4856:1450855254435:1,4855|L:1450855255435:1,4856:1450855255435:1,4855|L:1450855256435:1,4856:1450855256435:1,4855|L:1450855257435:1,4856:1450855257435:1,4855|L:1450855258435:1,4856:1450855258435:1,4855|L:1450855259435:1,4856:1450855259435:1,4855|L:1450855260435:1,4856:1450855260435:1,4855|L:1450855261435:1,4856:1450855261435:1,4855|L:1450855262435:1,4856:1450855262435:1,4855|L:1450855263435:1,4856:1450855263435:1,4855|L:1450855264435:1,4856:1450855264435:1,4855|L:1450855265435:1,4856:1450855265435:1,4855|L:1450855266435:1,4856:1450855266435:1,4855|L:1450855267435:1,4856:1450855267435:1,4855|L:1450855268435:1,4856:1450855268435:1,4855|L:1450855269435:1,4856:1450855269435:1,4855|L:1450855270435:1,4856:1450855270435:1,4855|L:1450855271435:1,4856:1450855271435:1,4855|L:1450855272435:1,4856:1450855272435:1,4855|L:1450855273435:1,4856:1450855273435:1,4855|L:1450855274435:1,4856:1450855274435:1,4855|L:1450855275435:1,4856:1450855275435:1,4855|L:1450855276435:1,4856:1450855276435:1,4855|L:1450855277435:1,4856:1450855277435:1,4855|L:1450855278435:1,4856:1450855278435:1,4855|L:1450855279435:1,4856:1450855279435:1,4855|L:1450855280435:1,4856:1450855280435:1,4855|L:1450855281435:1,4856:1450855281435:1,4855|L:1450855282435:1,4856:1450855282435:1,4855|L:1450855283435:1,4855:1450855283435:1,4854|L:1450855284435:1,4855:1450855284435:1,4854|L:1450855285435:1,4854:1450855285435:1,4854|L:1450855286435:1,4854:1450855286435:1,4854|L:1450855287435:1,4854:1450855287435:1,4854|L:1450855288435:1,4854:1450855288435:1,4854|L:1450855289435:1,4855:1450855289435:1,4854|L:1450855290435:1,4855:1450855290435:1,4854|L:1450855291435:1,4855:1450855291435:1,4854|L:1450855292435:1,4855:1450855292435:1,4854|L:1450855293435:1,4855:1450855293435:1,4854|L:1450855294435:1,4854:1450855294435:1,4854|L:1450855295435:1,4854:1450855295435:1,4853|L:1450855296435:1,4854:1450855296435:1,4853|L:1450855297435:1,4854:1450855297435:1,4853|L:1450855298435:1,4854:1450855298435:1,4853|L:1450855299435:1,4854:1450855299435:1,4853|L:1450855300435:1,4854:1450855300435:1,4853|L:1450855301435:1,4854:1450855301435:1,4853|L:1450855302435:1,4854:1450855302435:1,4853|L:1450855303435:1,4854:1450855303435:1,4854|L:1450855304435:1,4854:1450855304435:1,4853|L:1450855305435:1,4854:1450855305435:1,4853|L:1450855306435:1,4854:1450855306435:1,4853|L:1450855307435:1,4854:1450855307435:1,4853|L:1450855308435:1,4854:1450855308435:1,4853|L:1450855309435:1,4854:1450855309435:1,4853|L:1450855310435:1,4854:1450855310435:1,4853|L:1450855311435:1,4854:1450855311435:1,4853|L:1450855312435:1,4854:1450855312435:1,4853|L:1450855313435:1,4854:1450855313435:1,4853|L:1450855314435:1,4854:1450855314435:1,4853|L:1450855315435:1,4854:1450855315435:1,4853|L:1450855316435:1,4854:1450855316435:1,4853|L:1450855317435:1,4854:1450855317435:1,4853|L:1450855318435:1,4854:1450855318435:1,4853|L:1450855319435:1,4854:1450855319435:1,4853|L:1450855320435:1,4854:1450855320435:1,4853|L:1450855321435:1,4854:1450855321435:1,4854|L:1450855322435:1,4854:1450855322435:1,4853|L:1450855323435:1,4854:1450855323435:1,4853|L:1450855324435:1,4854:1450855324435:1,4853|L:1450855325435:1,4854:1450855325435:1,4853|L:1450855326435:1,4854:1450855326435:1,4853|L:1450855327435:1,4854:1450855327435:1,4853|L:1450855328435:1,4854:1450855328435:1,4853|L:1450855329435:1,4854:1450855329435:1,4853|L:1450855330435:1,4854:1450855330435:1,4853|L:1450855331435:1,4854:1450855331435:1,4853|L:1450855332435:1,4854:1450855332435:1,4853|L:1450855333435:1,4854:1450855333435:1,4853|L:1450855334435:1,4854:1450855334435:1,4853|L:1450855335435:1,4854:1450855335435:1,4853|L:1450855336435:1,4854:1450855336435:1,4853|L:1450855337435:1,4854:1450855337435:1,4853|L:1450855338435:1,4854:1450855338435:1,4853|L:1450855339435:1,4854:1450855339435:1,4853|L:1450855340435:1,4854:1450855340435:1,4853|L:1450855341435:1,4854:1450855341435:1,4853|L:1450855342435:1,4854:1450855342435:1,4853|L:1450855343435:1,4853:1450855343435:1,4853|L:1450855344435:1,4854:1450855344435:1,4853|L:1450855345435:1,4854:1450855345435:1,4853|L:1450855346435:1,4854:1450855346435:1,4853|L:1450855347435:1,4854:1450855347435:1,4853|L:1450855348435:1,4854:1450855348435:1,4853|L:1450855349435:1,4854:1450855349435:1,4853|L:1450855350435:1,4853:1450855350435:1,4853|L:1450855351435:1,4853:1450855351435:1,4853|L:1450855352435:1,4853:1450855352435:1,4853|L:1450855353435:1,4853:1450855353435:1,4853|L:1450855354435:1,4853:1450855354435:1,4853|L:1450855355435:1,4853:1450855355435:1,4853|L:1450855356435:1,4853:1450855356435:1,4853|L:1450855357435:1,4853:1450855357435:1,4853|L:1450855358435:1,4853:1450855358435:1,4853|L:1450855359435:1,4854:1450855359435:1,4853|L:1450855360435:1,4854:1450855360435:1,4853|L:1450855361435:1,4854:1450855361435:1,4853|L:1450855362435:1,4854:1450855362435:1,4853|L:1450855363435:1,4854:1450855363435:1,4853|L:1450855364435:1,4854:1450855364435:1,4854|L:1450855365435:1,4854:1450855365435:1,4854|L:1450855366435:1,4854:1450855366435:1,4853|L:1450855367435:1,4854:1450855367435:1,4853|L:1450855368435:1,4854:1450855368435:1,4853|L:1450855369435:1,4854:1450855369435:1,4853|L:1450855370435:1,4854:1450855370435:1,4853|L:1450855371435:1,4854:1450855371435:1,4853|L:1450855372435:1,4854:1450855372435:1,4853|L:1450855373435:1,4855:1450855373435:1,4854|L:1450855374435:1,4855:1450855374435:1,4854|L:1450855375435:1,4855:1450855375435:1,4854|L:1450855376435:1,4855:1450855376435:1,4854|L:1450855377435:1,4855:1450855377435:1,4854|L:1450855378435:1,4854:1450855378435:1,4854|L:1450855379435:1,4854:1450855379435:1,4854|L:1450855380435:1,4854:1450855380435:1,4854|L:1450855381435:1,4854:1450855381435:1,4854|L:1450855382435:1,4854:1450855382435:1,4854|L:1450855383435:1,4854:1450855383435:1,4854|L:1450855384435:1,4854:1450855384435:1,4854|L:1450855385435:1,4854:1450855385435:1,4854|L:1450855386435:1,4854:1450855386435:1,4854|L:1450855387435:1,4854:1450855387435:1,4853|L:1450855388435:1,4854:1450855388435:1,4853|L:1450855389435:1,4854:1450855389435:1,4853|L:1450855390435:1,4854:1450855390435:1,4853|L:1450855391435:1,4854:1450855391435:1,4853|L:1450855392435:1,4854:1450855392435:1,4853|L:1450855393435:1,4854:1450855393435:1,4853|L:1450855394435:1,4854:1450855394435:1,4853|L:1450855395435:1,4854:1450855395435:1,4853|L:1450855396435:1,4854:1450855396435:1,4853|L:1450855397435:1,4854:1450855397435:1,4853|L:1450855398435:1,4854:1450855398435:1,4853|L:1450855399435:1,4854:1450855399435:1,4853|L:1450855400435:1,4854:1450855400435:1,4853|L:1450855401435:1,4854:1450855401435:1,4853|L:1450855402435:1,4854:1450855402435:1,4853|L:1450855403435:1,4854:1450855403435:1,4853|L:1450855404435:1,4854:1450855404435:1,4853|L:1450855405435:1,4854:1450855405435:1,4853|L:1450855406435:1,4854:1450855406435:1,4853|L:1450855407435:1,4854:1450855407435:1,4853|L:1450855408435:1,4854:1450855408435:1,4853|L:1450855409435:1,4854:1450855409435:1,4853|L:1450855410435:1,4854:1450855410435:1,4853|L:1450855411435:1,4853:1450855411435:1,4853|L:1450855412435:1,4854:1450855412435:1,4853|L:1450855413435:1,4854:1450855413435:1,4853|L:1450855414435:1,4854:1450855414435:1,4853|L:1450855415435:1,4854:1450855415435:1,4853|L:1450855416435:1,4854:1450855416435:1,4853|L:1450855417435:1,4854:1450855417435:1,4853|L:1450855418435:1,4853:1450855418435:1,4853|L:1450855419435:1,4854:1450855419435:1,4853|L:1450855420435:1,4854:1450855420435:1,4853|L:1450855421435:1,4854:1450855421435:1,4853|L:1450855422435:1,4854:1450855422435:1,4853|L:1450855423435:1,4853:1450855423435:1,4853|L:1450855424435:1,4854:1450855424435:1,4853|L:1450855425435:1,4854:1450855425435:1,4853|L:1450855426435:1,4854:1450855426435:1,4853|L:1450855427435:1,4854:1450855427435:1,4853|L:1450855428435:1,4854:1450855428435:1,4853|L:1450855429435:1,4854:1450857697435:1,4856|L:1450857698435:1,4857:1450857698435:1,4856|L:1450857699435:1,4857:1450857699435:1,4856|L:1450857700435:1,4857:1450857700435:1,4856|L:1450857701435:1,4857:1450857701435:1,4856|L:1450857702435:1,4857:1450857702435:1,4856|L:1450857703435:1,4857:1450857703435:1,4857|L:1450857704435:1,4857:1450857704435:1,4857|L:1450857705435:1,4857:1450857705435:1,4857|L:1450857706435:1,4857:1450857706435:1,4857|L:1450857707435:1,4857:1450857707435:1,4857|L:1450857708435:1,4858:1450857708435:1,4857|L:1450857709435:1,4858:1450857709435:1,4857|L:1450857710435:1,4857:1450857710435:1,4857|L:1450857711435:1,4857:1450857711435:1,4857|L:1450857712435:1,4857:1450857712435:1,4856|L:1450857713435:1,4857:1450857713435:1,4856|L:1450857714435:1,4857:1450857714435:1,4856|L:1450857715435:1,4856:1450857715435:1,4855|L:1450857716435:1,4855:1450857716435:1,4854|L:1450857717435:1,4855:1450857717435:1,4855|L:1450857718435:1,4855:1450857718435:1,4855|L:1450857719435:1,4855:1450857719435:1,4855|L:1450857720435:1,4855:1450857720435:1,4855|L:1450857721435:1,4855:1450857721435:1,4855|L:1450857722435:1,4855:1450857722435:1,4854|L:1450857723435:1,4855:1450857723435:1,4854|L:1450857724435:1,4855:1450857724435:1,4854|L:1450857725435:1,4855:1450857725435:1,4854|L:1450857726435:1,4855:1450857726435:1,4854|L:1450857727435:1,4855:1450857727435:1,4854|L:1450857728435:1,4855:1450857728435:1,4854|L:1450857729435:1,4854:1450857729435:1,4854|L:1450857730435:1,4854:1450857730435:1,4854|L:1450857731435:1,4854:1450857731435:1,4853|L:1450857732435:1,4854:1450857732435:1,4854|L:1450857733435:1,4853:1450857733435:1,4853|L:1450857734435:1,4853:1450857734435:1,4853|L:1450857735435:1,4854:1450857735435:1,4853|L:1450857736435:1,4854:1450857736435:1,4854|L:1450857737435:1,4854:1450857737435:1,4853|L:1450857738435:1,4854:1450857738435:1,4853|L:1450857739435:1,4854:1450857739435:1,4853|L:1450857740435:1,4854:1450857740435:1,4853|L:1450857741435:1,4854:1450857741435:1,4853|L:1450857742435:1,4854:1450857742435:1,4853|L:1450857743435:1,4854:1450857743435:1,4853|L:1450857744435:1,4854:1450857744435:1,4853|L:1450857745435:1,4854:1450857745435:1,4854|L:1450857746435:1,4854:1450857746435:1,4854|L:1450857747435:1,4853:1450857747435:1,4853|L:1450857748435:1,4854:1450857748435:1,4853|L:1450857749435:1,4853:1450857749435:1,4853|L:1450857750435:1,4853:1450857750435:1,4853|L:1450857751435:1,4853:1450857751435:1,4853|L:1450857752435:1,4854:1450857752435:1,4853|L:1450857753435:1,4854:1450857753435:1,4853|L:1450857754435:1,4854:1450857754435:1,4853|L:1450857755435:1,4853:1450857755435:1,4853|L:1450857756435:1,4854:1450857756435:1,4853|L:1450857757435:1,4854:1450857757435:1,4853|L:1450857758435:1,4854:1450857758435:1,4853|L:1450857759435:1,4854:1451260804435:1,4924|;positions:248|profit:-0,019799999999998|drawdown:-0,0267999999999979|long:1|winratio:0,0120967741935484|positivedaysratio:0|meanloss:-0,000153968253968243|meanwin:0,00309999999999995|meantrade:-0,00010312499999999|stddeviationwin:0,00286472802664868|stddeviationloss:0,000739975417186141|stddeviation:0,000911095165743761|meanholdtime:37;
GBPUSD;168;SSIStrategy_V0;0,31;0,11;False;SSIStrategy_V0;2;-0,0143;-0,0143;0,5;0;0;-0,00714999999999999;NaN;-0,00714999999999999;NaN;0,00114999999999998;0,00114999999999998;4225;pair:GBPUSD|timeframe:168|strategy:SSIStrategy_V0|thresholdOpen:0,31|thresholdClose:0,11|followTrend:False|name:SSIStrategy_V0;L:1450728445435:1,4884:1450825842435:1,4824|S:1450851145435:1,485:1451260804435:1,4933|;positions:2|profit:-0,0143|drawdown:-0,0143|long:0,5|winratio:0|positivedaysratio:0|meanloss:-0,00714999999999999|meanwin:NaN|meantrade:-0,00714999999999999|stddeviationwin:NaN|stddeviationloss:0,00114999999999998|stddeviation:0,00114999999999998|meanholdtime:4225;
EURUSD;168;SSIStrategy_V0;0,26;0,22;True;SSIStrategy_V0;1;0,00929999999999986;0;1;1;1;NaN;0,00929999999999986;0,00929999999999986;0;NaN;0;10033;pair:EURUSD|timeframe:168|strategy:SSIStrategy_V0|thresholdOpen:0,26|thresholdClose:0,22|followTrend:True|name:SSIStrategy_V0;L:1450658802435:1,0859:1451260804435:1,0952|;positions:1|profit:0,00929999999999986|drawdown:0|long:1|winratio:1|positivedaysratio:1|meanloss:NaN|meanwin:0,00929999999999986|meantrade:0,00929999999999986|stddeviationwin:0|stddeviationloss:NaN|stddeviation:0|meanholdtime:10033;
USDJPY;168;SSIStrategy_V0;0,03;0,49;False;SSIStrategy_V0;1;-1,00999999999999;-1,00999999999999;1;0;0;-1,00999999999999;NaN;-1,00999999999999;NaN;0;0;10033;pair:USDJPY|timeframe:168|strategy:SSIStrategy_V0|thresholdOpen:0,03|thresholdClose:0,49|followTrend:False|name:SSIStrategy_V0;L:1450658802435:121,24:1451260804435:120,23|;positions:1|profit:-1,00999999999999|drawdown:-1,00999999999999|long:1|winratio:0|positivedaysratio:0|meanloss:-1,00999999999999|meanwin:NaN|meantrade:-1,00999999999999|stddeviationwin:NaN|stddeviationloss:0|stddeviation:0|meanholdtime:10033;
USDCHF;168;SSIStrategy_V0;0,31;0,44;True;SSIStrategy_V0;1;0,00470000000000004;0;0;1;1;NaN;0,00470000000000004;0,00470000000000004;0;NaN;0;10033;pair:USDCHF|timeframe:168|strategy:SSIStrategy_V0|thresholdOpen:0,31|thresholdClose:0,44|followTrend:True|name:SSIStrategy_V0;S:1450658802435:0,9919:1451260804435:0,9872|;positions:1|profit:0,00470000000000004|drawdown:0|long:0|winratio:1|positivedaysratio:1|meanloss:NaN|meanwin:0,00470000000000004|meantrade:0,00470000000000004|stddeviationwin:0|stddeviationloss:NaN|stddeviation:0|meanholdtime:10033;
